,주소,문화공간명,X좌표,Y좌표,구
0,서울  강남구,백암아트홀,37.5103944,127.066052,강남구
1,서울  강남구,유시어터,37.5222551,127.0411515,강남구
2,서울  강남구 개포동  선릉로4길 30,개포도서관,37.4829604,127.063769,강남구
3,서울  강남구 개포동 1271 ),강남구민체육관,37.477132,127.0518293,강남구
4,서울  강남구 개포동 13-1 ),대진체육관,37.496068,127.0787594,강남구
5,서울  강남구 개포동 152 ),경기여고 경운박물관,37.4878684,127.0660782,강남구
6,서울  강남구 개포동 153-153  개포디지털혁신파크 열림관,개포디지털혁신파크 열림관,37.4882029,127.0629127,강남구
7,서울  강남구 논현동 268-16,성암아트홀,37.5110475,127.0429711,강남구
8,서울  강남구 논현동 89-4  ),한국자수박물관,37.5154348,127.03333,강남구
9,서울  강남구 대치동  영동대로 416 코스모타워 3층,KT&G 상상아트홀,37.5069075,127.0650936,강남구
10,서울  강남구 대치동 509-2 ),강남구민회관강당,37.4938226,127.0642688,강남구
11,서울  강남구 대치동 509-2    ),강남구민회관,37.4938226,127.0642688,강남구
12,서울  강남구 대치동 514,SETEC전시장,37.49578919,127.0717943,강남구
13,서울  강남구 대치동 892  ),포스코미술관,37.5057694,127.0558879,강남구
14,서울  강남구 대치동 944-31  ),CMG섬유센터 이벤트홀,37.5076895,127.0603667,강남구
15,서울  강남구 대치동 980-9,대치2문화센터 대강당,37.5022556,127.064169,강남구
16,서울  강남구 도곡동 514-1 ),라트어린이극장,37.4842358,127.0422031,강남구
17,서울  강남구 도산대로-8길,브로드웨이,37.5166444,127.021734,강남구
18,서울  강남구 삼성동 112-2  ),민속극장풍류,37.50991,127.044364,강남구
19,서울  강남구 삼성동 159-1 ),코엑스전시장,37.5103947,127.0611127,강남구
20,서울  강남구 삼성동 159 ),코엑스 오디토리움,37.5125518,127.0587767,강남구
21,서울  강남구 삼성동 159 ),김치박물관,37.5129437,127.0571142,강남구
22,서울  강남구 삼성동 16-1 ),강남구청,37.517305,127.047502,강남구
23,서울  강남구 삼성동 28  ),강남도서관,37.5137356,127.0469916,강남구
24,서울  강남구 수서동 718 ),강남스포츠문화센터,37.4891013,127.10525,강남구
25,서울  강남구 신사동 532-8 ),예화랑,37.5228454,127.0222649,강남구
26,서울  강남구 신사동 545-11 ),어반아트,37.5207027,127.0230798,강남구
27,서울  강남구 신사동 616-7,세실아트홀,37.52815277,127.0318444,강남구
28,서울  강남구 신사동 627-8 ),코라아나 화장박물관,37.524005,127.032826,강남구
29,서울  강남구 신사동 649-9 ),도산안창호 기념관,37.5239978,127.0356302,강남구
30,서울  강남구 역삼동   테헤란로7길 21,국립어린이청소년 도서관,37.5009712,127.0296909,강남구
31,서울  강남구 역삼동  논현로 508,LG아트센터,37.5021909,127.0377378,강남구
32,서울  강남구 역삼동 629-6 ),이스탄불 문화원,37.4994311,127.0358578,강남구
33,서울  강남구 역삼동 635 ),태권도기념관,37.5019899,127.03031,강남구
34,서울  강남구 역삼동 635 ),국기원,37.5019899,127.03031,강남구
35,서울  강남구 역삼동 649-11 ),LIG아트홀,37.5490322,126.911529,마포구
36,서울  강남구 역삼동 772 ),웅진씽크빅아트홀(구 계몽아트홀),37.4980679,127.0442125,강남구
37,서울  강남구 역삼동 829-20,역삼1강남씨어터,37.49535583,127.0332508,강남구
38,서울  강남구 일원동 713 ),밀알학교 세라믹 팔레스홀,37.4858171,127.0824692,강남구
39,서울  강남구 청담동 101-5 ),갤러리 원 (원화랑),37.527525,127.045863,강남구
40,서울  강남구 청담동 81-10 ),박영덕화랑,37.525766,127.044952,강남구
41,서울  강남구 청담동 99-5 ),카이스갤러리,37.5285429,127.0350311,강남구
42,서울  강동구 강일동 678,강동구립강일도서관,37.5649594,127.1716731,강동구
43,서울  강동구 고덕동 296 ),고덕평생학습관,37.5561464,127.1579849,강동구
44,서울  강동구 고덕동 296 ),온조대왕문화체육관,37.5567379,127.1574722,강동구
45,서울  강동구 길동 362 ),강동도서관,37.5385252,127.1437561,강동구
46,서울  강동구 상일동 (동남로) 870,강동아트센터,37.551449,127.157598,강동구
47,서울  강동구 성내동 385 ),강동구립성내도서관,37.5328592,127.1333198,강동구
48,서울  강동구 성내동 540    ),강동구청,37.530126,127.1237708,강동구
49,서울  강동구 성내동 556-1 ),강동어린이회관아이누리홀,37.529163,127.122469,강동구
50,서울  강동구 암사동 471-37 ),강동구립암사도서관,37.5528446,127.1333498,강동구
51,서울  강동구 암사동 510-23 ),한국점자도서관,37.5507149,127.1248451,강동구
52,서울  강동구 천호동 360 ),강동구립해공도서관,37.5439721,127.1255997,강동구
53,서울  강동구 천호동 399-1 ),해공체육문화센터,37.5421167,127.129725,강동구
54,서울  강동구 천호동 41 ),강동구민회관,37.5458583,127.1411875,강동구
55,서울  강북구,강북 문화예술회관,37.6408544,127.0133421,강북구
56,서울  강북구 미아동   (삼양로54길 68),강북청소년문화정보도서관,37.6231131,127.0216031,강북구
57,서울  강북구 미아동 1354-4 ),강북솔샘문화정보센터,37.6205185,127.0124524,강북구
58,서울  강북구 미아동 138-11 ),송중문화정보센터,37.6183421,127.030033,강북구
59,서울  강북구 미아동 35-4 ),대지극장,37.6121309,127.030715,강북구
60,서울  강북구 번동 27-108 ),강북문화정보센터,37.6251737,127.036125,강북구
61,서울  강북구 번동 318 ),강북웰빙스포츠센터,37.6304749,127.0378273,강북구
62,서울  강북구 수유동 192-59 ),강북구청,37.639748,127.025482,강북구
63,서울  강북구 수유동 360-10  ),강북문화예술회관,37.6408544,127.0133421,강북구
64,서울  강북구 수유동 605-412 ),수유문화정보센터,37.630129,127.017543,강북구
65,서울  강북구 월계로 173,꿈의숲아트센터,37.621296,127.038618,강북구
66,서울  강서구,강서구립도서관,37.5478818,126.8599269,강서구
67,서울  강서구 가양동 243-1,겸재정선미술관,37.57223185,126.8387099,강서구
68,서울  강서구 가양동 243-1,겸재정선미술관,37.57223185,126.8387099,강서구
69,서울  강서구 가양동 26-5  허준박물관,허준박물관,37.5680241,126.8509755,강서구
70,서울  강서구 내발산동 19-1  ),강서구민회관,37.5533732,126.8436044,강서구
71,서울  강서구 등촌동 520-6 ),강서도서관,37.5478818,126.8599269,강서구
72,서울  강서구 등촌동 705-4 ),강서지역정보센터,37.5589789,126.847881,강서구
73,서울  강서구 방화동 827,국립국어원 우리말 꿈터,37.57904996,126.8138119,강서구
74,서울  강서구 염창동 53-1  2층 아리향기작은도서관,아리향기작은도서관,37.55373624,126.8709853,강서구
75,서울  강서구 화곡동 1103-6 ),강서구시설관리공단,37.5530024,126.8484762,강서구
76,서울  강서구 화곡동 1111-2,뉴시네마,37.5416433,126.840946,강서구
77,서울  강서구 화곡동 980-16 ),강서구 문화관광,37.550937,126.849642,강서구
78,서울  강서구 화곡동 우장산동 111-90,서울강서문화원,37.54472042,126.8437696,강서구
79,서울  관악구,관악구민종합체육센터,37.4730143,126.9601883,관악구
80,서울  관악구 남현동 1059-13 ),서울시립미술관 남서울분관,37.4760646,126.9795205,관악구
81,서울  관악구 신림동  난곡로64가길 19,신림(다목적)체육센터,37.4800959,126.9160174,관악구
82,서울  관악구 신림동 151-858  ),관악문화관,37.4679596,126.94475,관악구
83,서울  관악구 신림동 151-890  1422-41,프리머스 신림,37.4846492,126.9298115,관악구
84,서울  관악구 신림동 1707 ),호림박물관,37.4809816,126.918218,관악구
85,서울  관악구 신림동 209-1 ),관악문화관도서관,37.4677179,126.9445375,관악구
86,서울  관악구 신림동 209-1 ),관악문화원,37.4678198,126.9447491,관악구
87,서울  관악구 신림동 56-1 ),서울대학교 미술관,37.4664469,126.9496874,관악구
88,서울  광진구,서울악스,37.5457356,127.1079896,광진구
89,서울  광진구,유니버설아트센터,37.5508142,127.0880112,광진구
90,서울  광진구,광진구민체육센터,37.5459907,127.106919,광진구
91,서울  광진구 광장동 112 ),광진정보도서관,37.5507093,127.1103315,광진구
92,서울  광진구 광장동 319-33,예스24 라이브홀,37.5457348,127.1080529,광진구
93,서울  광진구 광장동 388-8 ),몽골문화원,37.5470862,127.1011097,광진구
94,서울  광진구 군자동,세종대 컨벤션센터,37.55034226,127.0731503,광진구
95,서울  광진구 군자동 98 ),세종대학교 박물관,37.5514972,127.0752374,광진구
96,서울  광진구 군자동 98 ),세종대학교 대양홀,37.5486916,127.0744875,광진구
97,서울  광진구 능동 18-11,어린이회관,37.5469995,127.0781746,광진구
98,서울  광진구 능동 로36길 25 (능동),리틀엔젤스예술회관,37.5502335,127.0873013,광진구
99,서울  광진구 능동로 216,서울상상나라,37.55055,127.077569,광진구
100,서울  광진구 자양동 ),자양4동도서관,37.5340938,127.066226,광진구
101,서울  광진구 자양동 227-344  ),나루아트센터,37.5376439,127.0706037,광진구
102,서울  광진구 자양동 97-5,뚝섬전망문화콤플렉스,37.53052501,127.0650304,광진구
103,서울  광진구 화양동 1 ),건국대학교 새천년대공연장,37.543118,127.0773358,광진구
104,서울  광진구 화양동 1 ),건국대학교 박물관,37.5423736,127.0755788,광진구
105,서울  구로구 고척동 ),구로구민체육센터,37.5066167,126.8533046,구로구
106,서울  구로구 고척동  고척로45길 31,고척도서관,37.5053516,126.8532545,구로구
107,서울  구로구 구로동 ),구로구청,37.495472,126.887536,구로구
108,서울  구로구 구로동 101 ),구로아트밸리예술극장,37.4966724,126.888881,구로구
109,서울  구로구 구로동 102 ),구로구민회관 대강당,37.4971237,126.8897292,구로구
110,서울  구로구 구로동 106-1 ),구로도서관,37.4985419,126.8916742,구로구
111,서울  구로구 구로동 26-1  ),한국문화예술위원회,35.020762,126.781934,나주시
112,서울  구로구 구로동 3-33,신도림예술공간 고리,37.5079891,126.8909248,구로구
113,서울  구로구 구로동로26길 54 2층,구로구립꿈나무어린이도서관,37.4895362,126.88638,구로구
114,서울  구로구 오류동 150-15 ),평강성서유물박물관,37.491955,126.844083,구로구
115,서울  금천구,금천구립정보도서관,37.4734953,126.8921364,금천구
116,서울  금천구,금천문화원,37.4463856,126.9044675,금천구
117,서울  금천구 가산동 235-3 ),금천구립가산정보도서관,37.4734953,126.8921364,금천구
118,서울  금천구 독산동 295-10  빅마켓 3층,레미어린이극장 금천점,37.47038179,126.8957273,금천구
119,서울  금천구 독산동 296-9,문화정원아트홀,37.4717842,126.8936703,금천구
120,서울  금천구 독산동 333-7  금천예술공장,금천예술공장,37.46891512,126.891913,금천구
121,서울  금천구 독산동 371-2 ),금빛공원 야외공연장,37.4700137,126.907356,금천구
122,서울  금천구 독산동 375-2 ),금천구립도서관,37.4675724,126.9080685,금천구
123,서울  금천구 시흥동 ),금천구청,37.4570784,126.8957012,금천구
124,서울  금천구 시흥동  금하로 668,금빛휘트니스센터,37.4528929,126.90425,금천구
125,서울  금천구 시흥동 1020 ),금나래아트홀도서관,37.4565795,126.8957384,금천구
126,서울  금천구 시흥동 985-26 ),금천구시설관리공단,37.445777,126.902654,금천구
127,서울  노원구 공릉동 ),노원문화원,37.6288304,127.0697936,노원구
128,서울  노원구 공릉동 77 ),육군사관학교 박물관,37.6229208,127.1004547,노원구
129,서울  노원구 동일로 1238,서울시립 북서울미술관,37.640966,127.0667885,노원구
130,서울  노원구 상계동 686 ),노원정보도서관,37.661111,127.0650744,노원구
131,서울  노원구 상계동 701-1 ),노원구청,37.654358,127.056473,노원구
132,서울  노원구 상계동 713 ),롯데시네마 노원,37.6551726,127.060997,노원구
133,서울  노원구 상계동 723,노원어울림극장,37.65445176,127.0636923,노원구
134,서울  노원구 상계동 772 ),노원청소년수련관,37.6403878,127.0597454,노원구
135,서울  노원구 월계동  월계로 319,월계문화정보도서관,37.6286376,127.0561463,노원구
136,서울  노원구 중계동 356 ),노원어린이도서관,37.6582022,127.0766623,노원구
137,서울  노원구 중계동 364-3  ),노원문화예술회관,37.6504033,127.0802091,노원구
138,서울  노원구 중계동 507-3 ),노원구민체육센터,37.6481321,127.070725,노원구
139,서울  노원구 중계동 508 ),노원평생학습관,37.6393958,127.0677482,노원구
140,서울  도봉구,창동스포츠문화컴플렉스,37.6582937,127.0508618,도봉구
141,서울  도봉구 도봉동 652-2  마들로797,도봉기적의도서관,37.6812003,127.0502366,도봉구
142,서울  도봉구 쌍문동 419 ),덕성여자대학교 박물관,37.6529783,127.0164423,도봉구
143,서울  도봉구 쌍문동 422-163 ),도봉도서관,37.652815,127.012963,도봉구
144,서울  도봉구 쌍문동 497-15 ),옹기민속박물관,37.6543558,127.0131873,도봉구
145,서울  도봉구 창동 ),도봉어린이문화정보센터,37.6590571,127.049575,도봉구
146,서울  도봉구 창동 303 ),도봉문화원,37.654047,127.03833,도봉구
147,서울  도봉구 창동 303 ),도봉구민회관,37.6541068,127.0384528,도봉구
148,서울  도봉구 창동 418 ),도봉문화정보센터,37.6446038,127.043887,도봉구
149,서울  동대문구,동대문구정보화도서관,37.5900642,127.047331,동대문구
150,서울  동대문구 답십리동 ),동대문문화회관,37.5717914,127.0637934,동대문구
151,서울  동대문구 답십리동 2-294 ),동대문구체육관,37.5724191,127.0639379,동대문구
152,서울  동대문구 신설동 109-4 ),동대문도서관,37.5735535,127.0247796,동대문구
153,서울  동대문구 용두동 255-67 ),서울창작공간,37.571509,127.0337136,동대문구
154,서울  동대문구 용두동 255-67 ),서울문화재단,37.571509,127.0337136,동대문구
155,서울  동대문구 용두동 39-9 ),동대문구청 아트갤러리,37.574524,127.03965,동대문구
156,서울  동대문구 용두동 39-9 ),동대문구청,37.574524,127.03965,동대문구
157,서울  동대문구 용두동 787 ),서울약령시한의약박물관,37.5777688,127.0377656,동대문구
158,서울  동대문구 이문동 189  ),이문체육문화센터,37.6022699,127.068762,동대문구
159,서울  동대문구 장안동 ),동대문구민체육센터,37.5665701,127.0734247,동대문구
160,서울  동대문구 장안동 354-5 ),동대문구민회관,37.5672385,127.0733795,동대문구
161,서울  동대문구 청량리동 1-157 ),세종대왕기념관,37.5908164,127.0435894,동대문구
162,서울  동대문구 회기동      경희대로6길 7-13,경희대학교 중앙박물관,37.5969969,127.0527938,동대문구
163,서울  동대문구 회기동 130-701 ),경희대학교 자연사박물관,37.5977812,127.0552077,동대문구
164,서울  동대문구 회기동 90,서울시립대학교 박물관,37.5831425,127.0568383,동대문구
165,서울  동작구 노량진동 310-150 ),동작도서관,37.5059908,126.9401667,동작구
166,서울  동작구 노량진동 47-2 ),동작구청,37.51245,126.9395,동작구
167,서울  동작구 대방동 49-6 ),동작구 통합도서관,37.5127667,126.93395,동작구
168,서울  동작구 사당동 248-6 ),사당문화회관,37.4846843,126.9695831,동작구
169,서울  동작구 상도동 176-3 ),동작문화원,37.5045881,126.941004,동작구
170,서울  동작구 흑석동  현충로 73,흑석체육센터,37.5099926,126.9633745,동작구
171,서울  마포구 노고산동 33-22 ),동방예술극장,37.5545135,126.9384617,마포구
172,서울  마포구 노고산동 57-1 ),그랜드 시네마,37.5551367,126.9360009,마포구
173,서울  마포구 대흥동,(재)마포문화재단,37.54989274,126.9453074,마포구
174,서울  마포구 대흥동  ),마포아트센터,37.5499041,126.9455277,마포구
175,서울  마포구 대흥동   대흥로20길 28,마포구시설관리공단(아트센터),37.5499041,126.9455277,마포구
176,서울  마포구 동교동   서울시 마포구 신촌로 4길 5-26 (동교동 178-9),연세대학교 김대중도서관,37.5569718,126.9296033,마포구
177,서울  마포구 동교동  와우산로 35길 50-4,경의선 책거리,37.55654656,126.9283715,마포구
178,서울  마포구 상암동 1602 ),한국영화박물관,37.580591,126.8898501,마포구
179,서울  마포구 상암동 1605 ),디지털 파빌리온,37.5797267,126.8909381,마포구
180,서울  마포구 상암동 1688 ),구립마포청소년문화의집,37.5804167,126.884,마포구
181,서울  마포구 서교동  와우산로 121 삼진제약빌딩 지하1층 비보이즈극장,SJ비보이극장,37.5535364,126.9268661,마포구
182,서울  마포구 서교동 358-116 ),떼아뜨르 秋,37.5531351,126.9222205,마포구
183,서울  마포구 서교동 369-8,서교예술실험센터,37.55246841,126.9209402,마포구
184,서울  마포구 성산동 526-3 ),서울월드컵경기장,37.5682553,126.8972733,마포구
185,서울  마포구 성산동 661  증산로 87,문화비축기지,37.57034561,126.8950312,마포구
186,서울  마포구 신수동 1-1 ),서강대학교 박물관,37.5519033,126.9430526,마포구
187,서울  마포구 아현동  613-11,행화탕,37.55269913,126.9555019,마포구
188,서울  마포구 월드컵북로 396,디지털파빌리온,37.5797267,126.8909381,마포구
189,서울  마포구 창전동 145-15,마포구립서강도서관,37.5477397,126.9320894,마포구
190,서울  마포구 창전동 5-129 ),쌈지스페이스,37.5538858,126.9296571,마포구
191,서울  마포구 창전동 5-9 ),창무예술원- 드 포스트,37.5542772,126.9305347,마포구
192,서울  마포구 합정동 96-1  절두산순교성지,한국천주교순교자박물관,37.5441363,126.9117967,마포구
193,서울  서대문구,서대문자연사박물관,37.5765663,126.9376126,서대문구
194,서울  서대문구,서대문형무소역사관,37.5742887,126.9562269,서대문구
195,서울  서대문구 대현동 11-1,이화여자대학교 자연사박물관,37.5605838,126.9481395,서대문구
196,서울  서대문구 대현동 11-1 ),이화여대박물관,37.5627451,126.9467751,서대문구
197,서울  서대문구 신촌동 134 ),연세대학교 중앙박물관,37.5617989,126.9379423,서대문구
198,서울  서대문구 연희동 1-116 ),서대문도서관,37.5834154,126.9408496,서대문구
199,서울  서대문구 충정로3가 476,충정로난타극장,37.5602665,126.9622394,서대문구
200,서울  서대문구 현저동 101 ),이진아기념도서관,37.5730503,126.9555345,서대문구
201,서울  서대문구 홍은동 26-155  ),서대문문화회관,37.58075,126.9314625,서대문구
202,서울  서초구,서울교육문화회관,37.4660597,127.0335948,서초구
203,서울  서초구,한전아트센터,37.4857035,127.0279457,서초구
204,서울  서초구,한국분재박물관,37.4534995,127.0756066,서초구
205,서울  서초구 반포동   114-3,반포심산아트홀,37.49883446,126.9912425,서초구
206,서울  서초구 반포동 114-3,심산아트홀,37.49883446,126.9912425,서초구
207,서울  서초구 반포동 114-3 ),서초구민체육센터,37.498792,126.9905045,서초구
208,서울  서초구 반포동 60-1 ),국립중앙도서관,37.4974617,127.0030085,서초구
209,서울  서초구 서초동    서초대로 219,법원도서관,37.4924291,127.0052084,서초구
210,서울  서초구 서초동  남부순환로 2364,국립국악원,37.4778469,127.0088804,서초구
211,서울  서초구 서초동 1317-20 ),씨너스 G,37.4982136,127.0264083,서초구
212,서울  서초구 서초동 1355 ),전기박물관,37.4861503,127.0276478,서초구
213,서울  서초구 서초동 137-603  서초타운트라팰리스),이스라엘문화원,37.4956514,127.0269941,서초구
214,서울  서초구 서초동 1515-3 ),모차르트콘서트홀,37.4863962,127.004514,서초구
215,서울  서초구 서초동 700 ),예술의 전당 자유소극장,37.4789778,127.0139025,서초구
216,서울  서초구 서초동 700 ),예술의 전당 한가람미술관,37.4803258,127.0141302,서초구
217,서울  서초구 서초동 700 ),예술의전당 한가람디자인미술관,37.4799011,127.0125692,서초구
218,서울  서초구 서초동 700 ),예술의 전당,37.4785361,127.0107423,서초구
219,서울  서초구 서초동 700  ),예술의 전당 서예관,37.4783641,127.012144,서초구
220,서울  서초구 양재동 ),서초구민회관,37.4818178,127.0360176,서초구
221,서울  서초구 양재동 20-4 ),영산양재홀,37.4805096,127.0383644,서초구
222,서울  서초구 양재동 25-25,서초문화예술회관,37.48185612,127.036016,서초구
223,서울  서초구 우면동,유리지공예관,37.45768681,127.0126137,서초구
224,서울  서초구 우면동  바우뫼로7길 111 관문사,관문사 성보박물관,37.473701,127.022231,서초구
225,서울  성동구 마장동   청계천로 530,청계천박물관,37.5712271,127.0349283,성동구
226,서울  성동구 성수동1가   656-323,성수아트홀,37.54541449,127.0469742,성동구
227,서울  성동구 성수동1가 685-306  ),서울숲공원 야외공연장,37.543684,127.040912,성동구
228,서울  성동구 성수동1가 685-704,언더스탠드에비뉴,37.54360657,127.0436418,성동구
229,서울  성동구 용답동 250-7,서울하수도과학관,37.5570865,127.0580683,성동구
230,서울  성동구 행당동 142-16 ),성동문화원,37.5593145,127.0360081,성동구
231,서울  성동구 행당동 142-16 ),소월아트홀,37.5593204,127.036016,성동구
232,서울  성동구 행당동 142-4 ),성동구립도서관,37.5592667,127.0349875,성동구
233,서울  성북구,개운산스포츠센터,37.5967823,127.0261534,성북구
234,서울  성북구 돈암동  아리랑로 82,아리랑정보도서관,37.5998987,127.013975,성북구
235,서울  성북구 돈암동 538-98 ),아리랑 씨네센터,37.60034,127.013837,성북구
236,서울  성북구 돈암동 606-258   ),성북여성회관,37.59582164,127.0079853,성북구
237,서울  성북구 상월곡동 24-348 ),성북정보도서관,37.6048486,127.0504258,성북구
238,서울  성북구 성북동,성북구립미술관,37.5945496,126.9949498,성북구
239,서울  성북구 성북동  성북로 102-11,간송미술관,37.5936596,126.996905,성북구
240,서울  성북구 성북동 126-20 ),혜곡최순우 기념관,37.5929433,127.0003701,성북구
241,서울  성북구 성북동 330-115 ),삼청각,37.5971248,126.9842404,성북구
242,서울  성북구 성북동 330-577 ),한국가구박물관,37.5999625,126.9930505,성북구
243,서울  성북구 안암동5가 1-2 ),고려대학교 박물관,37.5895165,127.0343531,성북구
244,서울  성북구 정릉동  정릉로 77,국민대학교 박물관,37.612908,126.9938822,성북구
245,서울  성북구 종암동 28-358,서울예술치유허브,37.59238153,127.0370033,성북구
246,서울  성북구 하월곡동 ),성북구민체육관,37.609115,127.0419,성북구
247,서울  성북구 하월곡동 23-1,동덕여자대학교 박물관,37.6055004,127.0418169,성북구
248,서울  송파구,송파구립거마도서정보센터,37.4935731,127.1468821,송파구
249,서울  송파구,롯데월드 아이스링크,37.511268,127.0986991,송파구
250,서울  송파구,우리금융아트홀,37.5168685,127.1250335,송파구
251,서울  송파구 거여동 289 ),송파구체육문화회관,37.4906482,127.1427868,송파구
252,서울  송파구 방이동  88-3,서울역사편찬원,37.521846,127.1242086,송파구
253,서울  송파구 방이동  올림픽로 424,소마미술관,37.5168777,127.1182342,송파구
254,서울  송파구 방이동 45 ),한미사진미술관,37.5166295,127.1141094,송파구
255,서울  송파구 방이동 88 ),서울올림픽기념관,37.5202976,127.1159236,송파구
256,서울  송파구 방이동 88 ),몽촌역사관,37.5238852,127.1243709,송파구
257,서울  송파구 방이동 89-12 ),올림픽스포츠센터,37.515359,127.133389,송파구
258,서울  송파구 신천동 29-5 ),송파구청,37.514516,127.106244,송파구
259,서울  송파구 오금동 51 ),송파도서관,37.4999933,127.1348396,송파구
260,서울  송파구 위례성대로 71,한성백제박물관,37.515505,127.121175,송파구
261,서울  송파구 잠실동  올림픽로 240 호텔롯데 롯데월드,롯데월드,37.5110794,127.0981638,송파구
262,서울  송파구 잠실동 10 ),잠실종합운동장,37.5148022,127.0736261,송파구
263,서울  송파구 잠실동 175-12 ),한국스카이다이빙협회,37.5114649,127.0805072,송파구
264,서울  송파구 잠실동 40-1 ),샤롯데씨어터,37.5105764,127.0998629,송파구
265,서울  송파구 잠실동 40-1 ),롯데월드 가든스테이지,37.5109341,127.0979626,송파구
266,서울  송파구 잠실동 40-1 ),롯데월드 시네마,37.5112448,127.0979614,송파구
267,서울  송파구 잠실동 40-1 ),롯데월드 마술극장,37.5112448,127.0979614,송파구
268,서울  송파구 잠실동 40-1 ),롯데월드 화랑,37.5112448,127.0979614,송파구
269,서울  송파구 잠실동 47 ),롯데월드 야외공연장,37.5112448,127.0979614,송파구
270,서울  양천구 목동  안양천로 939,목동아이스링크,37.530796,126.879267,양천구
271,서울  양천구 목동 405-207,생명과학박물관,37.523905,126.8719642,양천구
272,서울  양천구 목동 905 서로 113 (목동),양천도서관,37.5336544,126.8759573,양천구
273,서울  양천구 목동 914  ),목동운동장,37.530093,126.8818961,양천구
274,서울  양천구 신월동  지양로 37,신월문화체육센터,37.5198479,126.8350363,양천구
275,서울  양천구 신정동 ),양천문화원,37.5165593,126.863274,양천구
276,서울  양천구 신정동  중앙로 256,울트라 건축 박물관,37.5198157,126.853409,양천구
277,서울  양천구 신정동 321-4 ),양천구청,37.517016,126.866642,양천구
278,서울  양천구 신정동 322-10 ),양천구민체육센터,37.5165626,126.8644841,양천구
279,서울  양천구 신정동 322 ),양천문화회관,37.5164888,126.8631233,양천구
280,서울  영등포구,영등포문화원,37.5152408,126.9108259,영등포구
281,서울  영등포구 당산동 121-22 ),영등포평생학습관,37.526074,126.907352,영등포구
282,서울  영등포구 당산동3가 ),영등포아트홀,37.5262451,126.9001286,영등포구
283,서울  영등포구 당산동3가 385-1 ),영등포구청,37.526436,126.896004,영등포구
284,서울  영등포구 대림동   도신로27길 9,대림정보문화도서관,37.5042667,126.89605,영등포구
285,서울  영등포구 대림동 909-2 ),썬프라자아트홀,37.4959946,126.9078417,영등포구
286,서울  영등포구 문래동1가 30,문래예술공장,37.51322307,126.9001378,영등포구
287,서울  영등포구 문래동3가  문래로20길 49,문래정보문화도서관,37.5169513,126.8908871,영등포구
288,서울  영등포구 신길동 426-3 ),영등포구민체육센터,37.500466,126.9063045,영등포구
289,서울  영등포구 여의도동   의사당대로 1,국회도서관,37.5312547,126.9171584,영등포구
290,서울  영등포구 여의도동  여의공원로 13,KBS홀,37.5259171,126.9152678,영등포구
291,서울  영등포구 여의도동 12 ),영산아트홀,37.529556,126.9250467,영등포구
292,서울  영등포구 여의도동 20   LG트윈타워 서관 3층,LG 사이언스홀,37.5277895,126.9286274,영등포구
293,서울  영등포구 여의도동 84-1,여의도 물빛무대,37.53223283,126.9279309,영등포구
294,서울  용산구 갈월동 101-5,서울시립청소년미디어센터,37.54098414,126.9726083,용산구
295,서울  용산구 문배동 19-2 ),용산문화체육센터,37.5373623,126.9676924,용산구
296,서울  용산구 용산동1가 8 ),전쟁기념관,37.5368975,126.9768849,용산구
297,서울  용산구 용산동1가 8 ),별난물건박물관,37.5373365,126.9784621,용산구
298,서울  용산구 용산동2가 1-3      ),서울타워,37.5512294,126.9882659,용산구
299,서울  용산구 용산동6가    서빙고로 137,국립중앙박물관,37.5240867,126.9803881,용산구
300,서울  용산구 용산동6가 168-6 ),국립중앙박물관 극장 용,37.5240754,126.9787824,용산구
301,서울  용산구 용산동6가 412-6,국립한글박물관,37.52124302,126.9808598,용산구
302,서울  용산구 원효로4가 87-4 ),용산문화원,37.5334662,126.952202,용산구
303,서울  용산구 이촌동  이촌로71길 24,용산 청소년 수련관,37.52135688,126.9732987,용산구
304,서울  용산구 이태원동 ),용산아트홀,37.532831,126.9896162,용산구
305,서울  용산구 이태원동  녹사평대로 150,용산구청,37.53245265,126.9904783,용산구
306,서울  용산구 이태원동 258-148,남산전시관,37.5414922,126.9970933,용산구
307,서울  용산구 이태원동 258-79 ),표갤러리,37.5413722,126.9961829,용산구
308,서울  용산구 청파동2가 52 ),숙명여자대학교 박물관,37.5448733,126.9641095,용산구
309,서울  용산구 한강로3가 40-999,현대 아이파크몰,37.52955719,126.9641546,용산구
310,서울  용산구 한강로3가 40-999,CGV 용산아이파크몰,37.52960059,126.9646568,용산구
311,서울  용산구 한남동  대사관로5길 1,한강로동주민센터,37.53462986,127.0005521,용산구
312,서울  용산구 한남동 683-132,현대카드 언더스테이지,37.53663008,127.0006789,용산구
313,서울  용산구 한남동 714,일신홀,37.53717415,127.0055803,용산구
314,서울  용산구 한남동 714 ),이탈리아 문화원,37.5370506,127.0055871,용산구
315,서울  용산구 한남동 727-56,블루스퀘어(Blue Square),37.54070257,127.0026477,용산구
316,서울  용산구 한남동 747-18 ),삼성미술관 Leeum,37.5380703,126.9993406,용산구
317,서울  용산구 효창동 255 ),백범기념관,37.5442812,126.9592347,용산구
318,서울  용산구 효창동 52,숙명여자대학교 정영양자수박물관,37.5449219,126.9641116,용산구
319,서울  용산구 후암동  남산공원길 3,남산도서관,37.5530786,126.981334,용산구
320,서울  용산구 후암동 339-1 ),독일문화원,37.550772,126.9828149,용산구
321,서울  은평구 녹번동 ),은평구청,37.602784,126.929164,은평구
322,서울  은평구 녹번동 79-2 ),도원극장,37.6020142,126.930327,은평구
323,서울  은평구 녹번동 85-4 ),은평문화원,37.603664,126.9278352,은평구
324,서울  은평구 녹번동 85-4  ),은평문화예술회관,37.6036299,126.9279878,은평구
325,서울  은평구 녹번동 85-4  녹번동,은평문화예술회관,37.6039163,126.9283646,은평구
326,서울  은평구 대조동 214-7 ),대조동 꿈나무 어린이 도서관,37.6141808,126.9208248,은평구
327,서울  은평구 불광동 59-32 ),은평구립도서관,37.6190451,126.9283998,은평구
328,서울  은평구 역촌동 14-34,은평구평생학습관,37.6078004,126.9211898,은평구
329,서울  은평구 증산동  증산로5길 6,증산정보도서관,37.582727,126.9075589,은평구
330,서울  은평구 진관동 135-5,은평역사한옥박물관,37.6403687,126.9380375,은평구
331,서울  은평구 진관동 135-5,은평역사한옥박물관,37.64040095,126.9380555,은평구
332,서울  은평구 진관동 362 ),은평구민체육센터,37.6304258,126.9236902,은평구
333,서울  종로구,영인문학관,37.6119654,126.9715875,종로구
334,서울  종로구,한국미술박물관,37.5808916,126.9890575,종로구
335,서울  종로구 가회동 11-32 ),한상수자수박물관,37.5827892,126.9856418,종로구
336,서울  종로구 가회동 12 ),서울닭문화관,37.5826498,126.985267,종로구
337,서울  종로구 가회동 170-4  ),북촌미술관,37.5802792,126.9847664,종로구
338,서울  종로구 견지동 38-2 ),불교미술관,37.5741333,126.9827462,종로구
339,서울  종로구 견지동 39-7 ),체신기념관,37.57445,126.982625,종로구
340,서울  종로구 견지동 45,한국불교역사문화기념관,37.574458,126.9820647,종로구
341,서울  종로구 견지동 83 ),목인박물관,37.5739569,126.9836694,종로구
342,서울  종로구 견지동 93 ),동산방화랑,37.572942,126.98335,종로구
343,서울  종로구 공평동  우정국로2길 32,서울아트센터,37.5694595,126.9847764,종로구
344,서울  종로구 관수동  돈화문로 13,서울극장,37.5697448,126.9918078,종로구
345,서울  종로구 관철동  삼일대로 386 시네코아빌딩 9층,브레이크 아웃 전용극장,37.5689546,126.9880891,종로구
346,서울  종로구 관훈동 103 ),노화랑,37.5748997,126.9839998,종로구
347,서울  종로구 관훈동 145           ),갤러리 가이아,37.5750777,126.9834808,종로구
348,서울  종로구 관훈동 151-4 ),동덕아트갤러리,37.5749033,126.9833114,종로구
349,서울  종로구 관훈동 151-4  동덕빌딩 B1 동덕아트갤러리,동덕아트갤러리,37.57489965,126.983169,종로구
350,서울  종로구 관훈동 169-2,김영섭사진화랑,37.57435,126.984188,종로구
351,서울  종로구 관훈동 170 ),갤러리 아트사이드,37.5742388,126.9843332,종로구
352,서울  종로구 관훈동 182-2 ),한국공예문화진흥원,37.5740425,126.9841581,종로구
353,서울  종로구 관훈동 184 ),토포하우스,37.574083,126.984313,종로구
354,서울  종로구 관훈동 185 ),갤러리 룩스,37.581576,126.9678458,종로구
355,서울  종로구 관훈동 188-0 ),가나아트스페이스,37.574983,126.983913,종로구
356,서울  종로구 관훈동 188 ),인사아트센터,37.5740008,126.9846706,종로구
357,서울  종로구 관훈동 192-10 ),보나장신구 박물관,37.5735826,126.9845298,종로구
358,서울  종로구 관훈동 195 ),관훈갤러리,37.5738697,126.9842614,종로구
359,서울  종로구 관훈동 196-3 ),동서화랑,37.574325,126.9846,종로구
360,서울  종로구 관훈동 197-18 ),동호갤러리,37.5731158,126.9852158,종로구
361,서울  종로구 관훈동 21 ),인사아트프라자갤러리,37.5738082,126.9856112,종로구
362,서울  종로구 관훈동 27-5 ),단성갤러리,37.5738854,126.9852786,종로구
363,서울  종로구 관훈동 30-1 ),경인미술관,37.5743957,126.9855213,종로구
364,서울  종로구 관훈동 30-10 ),가람화랑,37.574275,126.985575,종로구
365,서울  종로구 관훈동 30-9 ),갤러리 선앤문,37.5743508,126.9857422,종로구
366,서울  종로구 관훈동 37 ),갤러리미즈,37.5740205,126.9851335,종로구
367,서울  종로구 구기동 126-4 ),삼성출판박물관,37.6086466,126.9570848,종로구
368,서울  종로구 구기동 56-13 ),대안공간 풀,37.6064279,126.9592138,종로구
369,서울  종로구 권농동 127-4 ),돈화문 서울무형문화재교육전시장,37.576909,126.991089,종로구
370,서울  종로구 낙원동  삼일대로 428,서울 아트 시네마,37.5698574,126.9918633,종로구
371,서울  종로구 내자동 200 ),중국문화원,37.5745917,126.9713625,종로구
372,서울  종로구 동숭동 1-100 ),갈갈이홀,37.5810002,127.0035186,종로구
373,서울  종로구 동숭동 1-115 ),샘터 파랑새 극장,37.5815588,127.0023112,종로구
374,서울  종로구 동숭동 1-130,아르코미술관,37.58009054,127.0029797,종로구
375,서울  종로구 동숭동 1-130 ),문예진흥원 아르코미술관,37.5805409,127.0032407,종로구
376,서울  종로구 동숭동 1-153 ),소극장아리랑,37.579995,127.0042515,종로구
377,서울  종로구 동숭동 1-5 ),동숭아트센터,37.5837289,127.0036762,종로구
378,서울  종로구 동숭동 1-67  대학로10길 17,대학로예술극장,37.58197181,127.0032662,종로구
379,서울  종로구 동숭동 1-75 ),대학로문화공간,37.5822968,127.0036504,종로구
380,서울  종로구 동숭동 1-8 ),학전GREEN소극장,37.5839245,127.0030173,종로구
381,서울  종로구 동숭동 1-89 ),까망소극장,37.5812208,127.0040346,종로구
382,서울  종로구 동숭동 1-96 ),동키홀,37.5815835,127.003706,종로구
383,서울  종로구 동숭동 12-6 ),단막극장,37.5832418,127.004427,종로구
384,서울  종로구 동숭동 187-8 ),쇳대박물관,37.5798205,127.0046195,종로구
385,서울  종로구 명륜1가 46-11     ),선돌극장,37.586857,126.999713,종로구
386,서울  종로구 명륜2가 21-18 ),대학로 열린 극장,37.5836265,127.0004798,종로구
387,서울  종로구 명륜2가 41-9 ),판타지움,37.5833998,126.9998563,종로구
388,서울  종로구 명륜2가 8-1 ),예술극장 <나무와 물>,37.5848997,127.0003713,종로구
389,서울  종로구 명륜2가 8-4 ),짚·풀 생활사박물관,37.5849163,126.9997938,종로구
390,서울  종로구 명륜4가 ),서울연극센터,37.5833444,127.0013025,종로구
391,서울  종로구 묘동 56 ),단성사,37.5711571,126.9926518,종로구
392,서울  종로구 부암동 208-71 ),부암아트홀,37.5958212,126.9641028,종로구
393,서울  종로구 부암동 210-8 ),환기미술관,37.5940981,126.9661218,종로구
394,서울  종로구 부암동 315-3    (창의문로 5가길 2),무계원,37.5918679,126.9634368,종로구
395,서울  종로구 사간동 122-4,종로문화원,37.5761054,126.9803283,종로구
396,서울  종로구 사간동 122 ),갤러리 현대,37.576675,126.979825,종로구
397,서울  종로구 사간동 78 ),금호미술관,37.5775115,126.9798243,종로구
398,서울  종로구 사직동  사직로9길 7,어린이도서관,37.5765345,126.9678698,종로구
399,서울  종로구 사직동 1-28 ),종로도서관,37.5764744,126.9664576,종로구
400,서울  종로구 사직동 284-1 ),종로문화체육센터,37.5743556,126.9646523,종로구
401,서울  종로구 사직동 284-1  광화문아트홀,전통연희상설극장 광화문아트홀,37.57426,126.9624155,종로구
402,서울  종로구 사직동 304-28 ),한국사회과학도서관,37.573532,126.96442,종로구
403,서울  종로구 삼청동 27-21 ),부엉이 박물관,37.587076,126.9829594,종로구
404,서울  종로구 삼청로 30,국립현대미술관 서울관,37.579482,126.980363,종로구
405,서울  종로구 새문안로 55,서울역사박물관,37.5701434,126.9704375,종로구
406,서울  종로구 서린동  종로 26 SK 본사빌딩 4층,아트센터 나비,37.5698077,126.9804918,종로구
407,서울  종로구 세종로 1-1 ),국립민속박물관,37.5815645,126.9789313,종로구
408,서울  종로구 세종로 1-57  ),국립고궁박물관,37.5766678,126.9749224,종로구
409,서울  종로구 세종로 139,신문박물관,37.5698125,126.9776744,종로구
410,서울  종로구 세종로 139,일민미술관,37.5697905,126.9776751,종로구
411,서울  종로구 세종로 81-3  ),세종문화회관,37.5726241,126.9760053,종로구
412,서울  종로구 소격동 144-2 ),아트선재센터,37.579475,126.9818375,종로구
413,서울  종로구 소격동 59-1 ),국제갤러리,37.5807006,126.9804771,종로구
414,서울  종로구 소격동 70 ),학고재,37.580376,126.9802633,종로구
415,서울  종로구 소격동 87-1 ),예맥,37.5800043,126.9809602,종로구
417,서울  종로구 신문로1가  새문안로 75 금호아시아나 1관 3층,금호아트홀,37.5704344,126.9728844,종로구
418,서울  종로구 신문로1가  새문안로 75 금호아시아나 빌딩 3층,문호아트홀,37.5706508,126.9729916,종로구
419,서울  종로구 신문로1가 226 ),영국문화원,37.5696296,126.9721884,종로구
420,서울  종로구 신문로2가 1-101 ),성곡미술관,37.5732338,126.9694964,종로구
421,서울  종로구 신문로2가 2-1 ),서울시립미술관 경희궁분관,37.5700833,126.9687074,종로구
422,서울  종로구 신문로2가 4-3,돈의문 박물관 마을,37.56877346,126.9684009,종로구
423,서울  종로구 신문로2가 58 ),경찰박물관,37.5690096,126.9696222,종로구
424,서울  종로구 안국동 159 ),사비나미술관,37.576497,126.9845636,종로구
425,서울  종로구 연건동  대학로 60 동마루빌딩 4층,글로브극장,37.5765,127.0025375,종로구
426,서울  종로구 연건동 110-744 ),의학박물관,37.5768763,126.9997812,종로구
427,서울  종로구 연건동 110-749 ),서울대학교 치과대학 치의학 박물관,37.5768763,126.9997812,종로구
428,서울  종로구 연건동 178-1 ),김동수플레이하우스,37.5765,127.0025375,종로구
429,서울  종로구 연건동 178-1 ),대학로극장,37.5765,127.0025375,종로구
430,서울  종로구 연지동 270 ),연강홀,37.5717079,127.0011948,종로구
431,서울  종로구 연지동 270 ),두산아트센터 space111,37.571925,127.0008625,종로구
432,서울  종로구 옥인동 62,서촌공간 서로,37.5815528,126.967847,종로구
433,서울  종로구 와룡동 110-360 ),국립서울과학관,37.5820426,126.9971614,종로구
434,서울  종로구 와룡동 12-2,서울돈화문국악당,37.57725028,126.9907307,종로구
435,서울  종로구 와룡동 164-2 ),떡· 부엌살림 박물관,37.574973,126.990676,종로구
436,서울  종로구 운니동 114-10 ),운현궁,37.576125,126.98705,종로구
437,서울  종로구 운니동 114-8,일본공보문화원,37.5768328,126.9866725,종로구
438,서울  종로구 원서동  창덕궁 1길 18,LG상남도서관,37.5797353,126.98848,종로구
439,서울  종로구 인사동 15  길 24 (인사동),덕원갤러리,37.5729412,126.9865174,종로구
440,서울  종로구 인사동 159 길 17 (인사동),갤러리 상,37.5723081,126.9865397,종로구
441,서울  종로구 인사동 184 5길 8 (인사동),선갤러리,37.5729269,126.9856937,종로구
442,서울  종로구 인사동 194-27 5길 29 태화빌딩 B1 (인사동),조형갤러리,37.571933,126.984788,종로구
443,서울  종로구 인사동 194 5길 26 홍익빌딩 (관훈동),갤러리 라메르,37.5725264,126.9849468,종로구
444,서울  종로구 인사동 23-2 2-2 (인사동),공갤러리,37.5727833,126.9865375,종로구
445,서울  종로구 인왕산로1길 21,광화문아트홀,37.5746022,126.964713,종로구
446,서울  종로구 재동 53-1 ),북촌 서울무형문화재 교육전시장,37.5769527,126.9911313,종로구
447,서울  종로구 창신동 222-8 ),종로구민회관,37.5734077,127.0143152,종로구
448,서울  종로구 청운동 4-20,청운문학도서관,37.59040021,126.9658555,종로구
449,서울  종로구 통의동 35-1 ),대림미술관,37.5775335,126.9733591,종로구
450,서울  종로구 팔판동 141 ),갤러리 인,37.5816953,126.9804329,종로구
451,서울  종로구 팔판동 27-6 ),갤러리 도올,37.583204,126.981671,종로구
452,서울  종로구 평창동   평창8길 3,화정박물관,37.6046985,126.9659264,종로구
453,서울  종로구 평창동  평창30길 28,가나아트센터,37.6121853,126.9750798,종로구
454,서울  종로구 평창동 464-13 ),갤러리 세줄,37.6134132,126.9751579,종로구
455,서울  종로구 평창동 465-2 ),토탈미술관,37.6121236,126.9756892,종로구
456,서울  종로구 필운동 90-1  소호빌리지),소호 아트 갤러리,37.5778578,126.9692651,종로구
457,서울  종로구 혜화동  성균관로 91,올림픽기념국민생활관,37.5904911,126.9988244,종로구
458,서울  종로구 혜화동  창경궁로35길 21 다림빌딩 지하 연우 소극장,극단연우무대,37.586966,127.0017811,종로구
459,서울  종로구 혜화동  창경궁로35길 29,JCC 아트센터,37.58746789,127.0022644,종로구
460,서울  종로구 혜화동 195 ),청아소극장(구 리듬공간소극장),37.5839997,127.0027142,종로구
461,서울  종로구 혜화동 74-38 ),모시는 사람들,37.586634,127.0004776,종로구
462,서울  종로구 혜화동 90-1 ),가톨릭대학교 전례박물관,37.5850448,127.004623,종로구
463,서울  종로구 홍지동 110-743 ),상명대학교 박물관,37.6027666,126.9551533,종로구
464,서울  종로구 홍지동 36-20 ),쉼박물관,37.59949,126.955663,종로구
465,서울  종로구 홍지동 7-1,상명아트센터,37.60295238,126.9563156,종로구
466,서울  종로구 화동  북촌로5길 48,정독도서관,37.5810398,126.9829524,종로구
467,서울  종로구 화동  율곡로3길 74-9,pkm gallery,37.5840972,126.9800724,종로구
468,서울  종로구 화동 2 ),서울교육사료관,37.579777,126.9832525,종로구
469,서울  종로구 화동 75-3 ),세계장신구 박물관 (World Jewellery Museum),37.5809998,126.9818207,종로구
470,서울  중구,로댕갤러리,37.5614574,126.9751773,중구
471,서울  중구,삼일로 창고극장,37.563469,126.9879706,중구
472,서울  중구,이화여고 100주년기념관,37.5662346,126.9706692,중구
473,서울  중구 119,신당창작아케이드,37.5673552,127.0195172,중구
474,서울  중구 남대문로3가 110 ),한국은행 화폐금융박물관,37.5620607,126.9805213,중구
475,서울  중구 남대문로5가 471 ),안중근의사기념관,37.5534654,126.9803691,중구
476,서울  중구 남산동1가 20 ),초전섬유 퀼트박물관,37.5580718,126.984193,중구
477,서울  중구 남산동2가,재미랑,37.55825685,126.986215,중구
478,서울  중구 남산동2가 26-5  3층,애니살롱(재미랑5호),37.55813432,126.9862829,중구
479,서울  중구 만리동2가    손기정로 101,손기정문화체육센터,37.5555802,126.9649505,중구
480,서울  중구 명동2가  명동길 14 눈스퀘어 8층,CGV 명동,37.5633303,126.9826431,중구
481,서울  중구 명동2가 1-1 ),꼬스트홀,37.5632657,126.986736,중구
482,서울  중구 명동2가 1-6 ),샬트르성바오로수녀회 역사박물관,37.5624324,126.9880625,중구
483,서울  중구 명동길 26,명동난타극장,37.563411,126.9837813,중구
484,서울  중구 봉래동1가 10 ),프랑스문화원,37.5595936,126.9737305,중구
485,서울  중구 서소문동 덕수궁길 61,서울시립미술관,37.5642066,126.9737733,중구
486,서울  중구 소공동 1 ),롯데화랑(본점),37.5653936,126.9808087,중구
487,서울  중구 예관동 120-1 ),중구청,37.563843,126.997602,중구
488,서울  중구 예장동 8-145 ),서울애니시네마,37.5588,126.9877125,중구
489,서울  중구 예장동 8-145 ),서울 애니메이션 센터,37.5585092,126.9879162,중구
490,서울  중구 예장동 8-19 ),남산예술센터드라마센터(구 동랑예술센터),37.5586795,126.9882338,중구
491,서울  중구 을지로7가,동대문디자인플라자(DDP),37.56627619,127.0088514,중구
492,서울  중구 을지로7가 2-1,보행전용거리(동대문디자인플라자 주변),37.56750154,127.0089421,중구
493,서울  중구 장교동 1 ),중구문화원,37.5675796,126.986502,중구
494,서울  중구 장충동1가 62-35,종이나라박물관,37.5596237,127.0039674,중구
495,서울  중구 장충동2가 14-67 ),국립중앙극장,37.5526708,126.9996175,중구
496,서울  중구 장충동2가 201-6  5-19,예지원,37.5517333,127.0024,중구
497,서울  중구 장충동2가 220-102,장충체육관,37.5581865,127.00679,중구
498,서울  중구 정동  세종대로 99 덕수궁미술관,국립현대미술관,37.5658456,126.9737396,중구
499,서울  중구 정동 3-7,세실극장,37.5667574,126.9757243,중구
500,서울  중구 정동 5-1 ),덕수궁미술관,37.5658456,126.9737396,중구
501,서울  중구 정동 8-11 길 43 (정동),정동극장,37.5658626,126.9728014,중구
502,서울  중구 초동 18-5 ),명보극장,37.5646356,126.99322,중구
503,서울  중구 충무로4가 125 ),대한극장,37.5611944,126.9953324,중구
504,서울  중구 충정로1가 100-707 ),농업박물관,37.5668447,126.9683226,중구
505,서울  중구 충정로1가 68 ),문화일보홀,37.5671515,126.9685599,중구
506,서울  중구 태평로1가  서울시청,시민청,37.566635,126.978675,중구
507,서울  중구 태평로1가 61-28 ),조선일보미술관,37.5679682,126.9751842,중구
508,서울  중구 태평로1가 62-12 ),한국금융사박물관,37.5686681,126.9764215,중구
509,서울  중구 필동2가 28,서울남산국악당,37.5584554,126.993561,중구
510,서울  중구 필동2가 80-2 ),한국의 집 민속극장,37.5603974,126.9946116,중구
511,서울  중구 필동2가 84-1 ),남산골 한옥마을,37.5591447,126.9936826,중구
512,서울  중구 필동3가 26,동국대학교 박물관,37.5582533,127.0023443,중구
513,서울  중구 회현동1가 100-177 ),지구촌 민속박물관,37.5545569,126.9814096,중구
514,서울  중구 흥인동  퇴계로 387,충무아트홀스포츠센터,37.565865,127.014858,중구
515,서울  중랑구,중랑구민회관,37.5738058,127.0850044,중랑구
516,서울  중랑구,중랑구민체육센터,37.6151321,127.0874625,중랑구
517,서울  중랑구 면목동 ),중랑문화체육관,37.5792934,127.0957856,중랑구
518,서울  중랑구 면목동 115-18 ),중랑구립면목정보도서관,37.5874986,127.0876803,중랑구
519,서울  중랑구 면목동 378-5 ),중랑문화원,37.5741141,127.0851669,중랑구
520,서울  중랑구 묵동 22 ),중랑구립정보도서관,37.6153161,127.0869596,중랑구
521,서울  중랑구 상봉동 92-2 ),상봉시네마,37.5967167,127.0890973,중랑구
522,서울  중랑구 신내동 ),중랑구청,37.6063242,127.0925842,중랑구
523,서울 강남구 밤고개로 286 세곡문화센터 2층 세곡도서관,세곡도서관,37.46857738,127.106938,강남구
524,서울 용산구 백범로 329,용산꿈나무도서관,37.53922334,126.9648786,용산구
525,서울 용산구 이태원로 224-19 한남동공영주차장 2층,용산구평생학습관,37.53540832,127.000181,용산구
526,서울시 구로구 구로동 3-39,신도림 오페라하우스,37.5079891,126.8909248,구로구
527,서울시 서대문구 홍은동 304-1,서울무용센터,37.58305984,126.9278729,서대문구
528,서울시 용산구 장문로 60 행복나눔재단,프로젝트박스 시야,37.52634418,126.9961083,용산구
529,서울시 종로구 종로65길 10,숭인제1동 자치회관,37.57519472,127.0197653,종로구
530,서울시 중구 세종대로 99(정동) 덕수궁 내,국립현대미술관 덕수궁관,37.56616914,126.9739845,중구
531,서울특별시 강남구 개포로 621,서울주택도시공사 대강당,37.49413049,127.0787811,강남구
532,서울특별시 강남구 남부순환로 3104,SETEC전시장(서울무역전시장),37.4956774,127.0719118,강남구
533,서울특별시 강남구 남부순환로378길 34-9,오유아트홀,37.48373201,127.0463748,강남구
534,서울특별시 강남구 남부순환로391길 19,대치1동 작은도서관,37.49324572,127.0567749,강남구
535,서울특별시 강남구 논현로163길 33,광림아트센터 BBCH홀,37.52389436,127.02558,강남구
536,서울특별시 강남구 논현로163길 33,광림아트센터 장천홀,37.52388724,127.0251546,강남구
537,서울특별시 강남구 도곡로18길 57,강남구립도곡정보문화도서관,37.48831184,127.0388787,강남구
538,서울특별시 강남구 도곡로77길 23,강남구립즐거운도서관,37.49972884,127.0578474,강남구
539,서울특별시 강남구 봉은사로 332,강남시니어플라자,37.50980113,127.043224,강남구
540,서울특별시 강남구 봉은사로30길 62 지하 1층 Mfor아트스페이스,Mfor 아트스페이스,37.50350266,127.0365353,강남구
541,서울특별시 강남구 삼성로 212,강남구립대치도서관,37.49961649,127.0659173,강남구
542,서울특별시 강남구 압구정로79길 26  청담동주민센터  7층,강남구립청담도서관,37.52509058,127.0492919,강남구
543,서울특별시 강남구 언주로 827,코리아나미술관,37.52406916,127.032811,강남구
544,서울특별시 강남구 언주로 844,윤당아트홀,37.52564382,127.0338661,강남구
545,서울특별시 강남구 역삼로7길 16,강남구립역삼도서관,37.49537384,127.0332825,강남구
546,서울특별시 강남구 영동대로 315,마리아칼라스홀,37.50249604,127.066033,강남구
547,서울특별시 강남구 영동대로 511 트레이드타워,코엑스 아트홀,37.5103555,127.0610225,강남구
548,서울특별시 강남구 영동대로 511 트레이드타워,그랜드 컨퍼런스룸,37.5118588,127.0601958,강남구
549,서울특별시 강남구 영동대로65길 24,강남구립행복한도서관,37.50230604,127.0641871,강남구
550,서울특별시 강남구 자곡로 116,강남구립못골도서관,37.47153801,127.0965826,강남구
551,서울특별시 강남구 자곡로7길 3,강남구립못골한옥어린이도서관,37.47330498,127.0997276,강남구
552,서울특별시 강남구 테헤란로 117,KB아트홀,37.49915888,127.0302624,강남구
553,서울특별시 강남구 테헤란로8길 36,강남구립역삼푸른솔도서관,37.49649864,127.03203,강남구
554,서울특별시 강남구 테헤란로8길 36,강남문화원,37.49649864,127.03203,강남구
555,서울특별시 강남구 학동로 169,강남구립논현정보도서관,37.51386352,127.0293228,강남구
556,서울특별시 강남구 학동로 343 포바강남타워 B2,강남구립열린도서관,37.51744977,127.0406358,강남구
557,서울특별시 강남구 학동로43길 17,강남구립논현도서관,37.51727791,127.0371879,강남구
558,서울특별시 강남구 학동로67길 11 청담평생학습관 3층 정다운도서관,강남구립정다운도서관,37.51911268,127.0464374,강남구
559,서울특별시 강동구 구천면로42길 60,천일어린이공원,37.54498842,127.1362643,강동구
560,서울특별시 강동구 성안로31마길 1,강동구립천호도서관,37.54052196,127.1340837,강동구
561,서울특별시 강동구 올림픽로 875,서울암사동유적,37.55985381,127.1308316,강동구
562,서울특별시 강동구 올림픽로 875 암사선사유적전시관,서울 암사동 유적,37.56054641,127.1302578,강동구
563,서울특별시 강북구 삼양로 595,삼각산시민청,37.65615487,127.0130914,강북구
564,서울특별시 강북구 월계로 173,꿈의숲아트센터,37.62025563,127.0443254,강북구
565,서울특별시 강서구 등촌로51나길 29,강서도서관,37.5479032,126.8599282,강서구
566,서울특별시 관악구 신림로3길 35,관악문화관도서관,37.46751365,126.9448045,관악구
567,서울특별시 광진구 강변역로 17,구의제3동주민센터,37.53799261,127.091984,광진구
568,서울특별시 광진구 광나루로 571 구의아리수정수센터,구의아리수문화재,37.54421954,127.0929693,광진구
569,서울특별시 광진구 광나루로56길 67,광진문화원,37.53651138,127.0964808,광진구
570,서울특별시 광진구 능동로 216,어린이대공원,37.55201089,127.0787741,광진구
571,서울특별시 광진구 능동로 433,중곡문화체육센터도서관,37.56777776,127.0848034,광진구
572,서울특별시 광진구 능동로 76,광진문화예술회관,37.53757126,127.0705762,광진구
573,서울특별시 광진구 능동로30길 23,광진구 건강가정지원센터,37.55365404,127.0791832,광진구
574,서울특별시 구로구 가마산로25길 21,갤러리 구루지,37.49710368,126.8895474,구로구
575,서울특별시 구로구 개봉로16길 30-11,구로구립개봉도서관,37.48899216,126.8588934,구로구
576,서울특별시 구로구 경인로 318-15 2 3층,구로구립개봉어린이도서관,37.49674308,126.855912,구로구
577,서울특별시 구로구 경인로20가길 38,오류아트홀,37.49539352,126.8460267,구로구
578,서울특별시 구로구 경인로20가길 38 오류문화센터 2층(오류아트홀),오류아트홀,37.49535749,126.8460358,구로구
579,서울특별시 구로구 고척로27바길 7,구로구립 글마루한옥어린이도서관,37.50691506,126.8456366,구로구
580,서울특별시 구로구 구로동로13길 68,구로구립 하늘도서관,37.48737567,126.8813483,구로구
581,서울특별시 구로구 구로동로26길 54 4층(구로동),구로 꿈나무극장,37.48956474,126.8864738,구로구
582,서울특별시 구로구 디지털로27다길 65,구로구립꿈마을도서관,37.48714271,126.8901545,구로구
583,서울특별시 구로구 새말로 117-21,신도림예술공간 고리,37.50877132,126.891082,구로구
584,서울특별시 구로구 오리로 1352,구로구립궁동어린이도서관,37.50221091,126.8292614,구로구
585,서울특별시 금천구 독산로50길 23,서울남부여성발전센터,37.46355751,126.9064706,금천구
586,서울특별시 금천구 독산로96길 6,빈집프로젝트,37.47491177,126.9038834,금천구
587,서울특별시 금천구 시흥대로138길 10-11,청춘삘딩,37.47216527,126.8992836,금천구
588,서울특별시 금천구 탑골로 22,금천마을활력소 어울샘,37.45180869,126.9116478,금천구
589,서울특별시 노원구 노원로1나길 10,공릉청소년문화정보센터,37.6215862,127.0830657,노원구
590,서울특별시 노원구 덕릉로 460,노원에코센터,37.64416172,127.0582991,노원구
591,서울특별시 노원구 상계로10길 41-7,상계예술마당,37.65578349,127.0683834,노원구
592,서울특별시 노원구 석계로 98-2,SNK-VITAMIN센터,37.62303365,127.0617625,노원구
593,서울특별시 도봉구 덕릉로 315,도봉문화정보도서관,37.64469057,127.0437689,도봉구
594,서울특별시 도봉구 도봉로180길 84,도봉기적의도서관,37.68138674,127.050293,도봉구
595,서울특별시 도봉구 마들로 932,평화문화진지,37.69080863,127.0472154,도봉구
596,서울특별시 도봉구 마들로11길 74 플랫폼 창동 61,플랫폼 창동 61,37.65437226,127.049069,도봉구
597,서울특별시 동대문구 약령중앙로 26,서울한방진흥센터,37.58059996,127.0375862,동대문구
598,서울특별시 동대문구 약령중앙로 26,서울한방진흥센터 서울약령시한의약박물관,37.58059996,127.0375862,동대문구
599,서울특별시 동대문구 왕산로 205,청량리역광장,37.58030524,127.0455335,동대문구
600,서울특별시 동대문구 천장산로9길 60,이문어린이도서관 (숲속작은도서관),37.59893632,127.0542755,동대문구
601,서울특별시 동작구 노량진로 191,사육신역사관,37.51345628,126.9494127,동작구
602,서울특별시 동작구 여의대방로54길 18 서울여성플라자,서울여성프라자스포츠센터,37.5115536,126.927066,동작구
603,서울특별시 마포구 대흥로20길 28,마포아트센터,37.54990546,126.945536,마포구
604,서울특별시 마포구 동교로 161,이건하우스,37.55596344,126.9197052,마포구
605,서울특별시 마포구 월드컵북로 400,서울음악창작지원센터,37.58045008,126.8898953,마포구
606,서울특별시 마포구 잔다리로3길 34,폼텍웍스홀,37.55069678,126.9179183,마포구
607,서울특별시 마포구 잔다리로6길 33,서교예술실험센터,37.55246841,126.9209402,마포구
608,서울특별시 서대문구 수색로 43,서대문구사회적경제마을센터,37.56971545,126.9134647,서대문구
609,서울특별시 서대문구 연세로 13,신촌 유플렉스,37.55676659,126.9365765,서대문구
610,서울특별시 서대문구 연세로 50,연세대학교,37.56515088,126.9392769,서대문구
611,서울특별시 서대문구 연세로2나길 57,신촌문화발전소,37.55796117,126.9397535,서대문구
612,서울특별시 서대문구 연희로11라길 37-7,B. CUT 갤러리,37.5691094,126.9287783,서대문구
613,서울특별시 서대문구 이화여대길 52,아트하우스 모모,37.56255994,126.9474554,서대문구
614,서울특별시 서초구 고무래로 34,구립반포도서관,37.50248861,127.0125127,서초구
615,서울특별시 서초구 고무래로 34,반포도서관,37.50248861,127.0125127,서초구
616,서울특별시 서초구 남부순환로 2406,예술의전당 리사이트홀,37.48024074,127.0142139,서초구
617,서울특별시 서초구 사임당로18길 52-2,정효아트센터,37.48754894,127.0196246,서초구
618,서울특별시 서초구 사평대로 273 B1,반포잠원교육지원센터,37.50509422,127.0133771,서초구
619,서울특별시 서초구 염곡말길 9,내곡느티나무쉼터,37.46182487,127.0506972,서초구
620,서울특별시 서초구 잠원로8길 38,서초여성가족플라자,37.51354938,127.0121073,서초구
621,서울특별시 서초구 청계산로7길 9-20,서초구립내곡도서관,37.45200217,127.0544427,서초구
622,서울특별시 성동구 고산자로10길 9,성동문화재단,37.55917871,127.0349587,성동구
623,서울특별시 성동구 고산자로10길 9,성동구립도서관,37.55917871,127.0349587,성동구
624,서울특별시 성동구 금호로 72,헬로우뮤지움,37.54969886,127.0262587,성동구
625,서울특별시 성동구 난계로 20,성동구립금호도서관,37.55412846,127.0248932,성동구
626,서울특별시 성동구 사근동길 37 사근동 주민센터 지하1층,사근동 어린이놀이터작은도서관,37.56152858,127.0453409,성동구
627,서울특별시 성북구 성북로 96,성북선잠박물관,37.59321623,126.9982393,성북구
628,서울특별시 성북구 성북로4길 13-8,성북문화원,37.58971305,127.0057518,성북구
629,서울특별시 성북구 종암로 98-8 45층 종암동새날도서관,종암동새날도서관,37.599035,127.035222,성북구
630,서울특별시 송파구 송파대로 384,송파마을예술창작소,37.50158687,127.1106809,송파구
631,서울특별시 송파구 양재대로 932,서울시농수산식품공사 가락몰 쿠킹스튜디오,37.49507692,127.11557,송파구
632,서울특별시 송파구 올림픽로 25,잠실창작스튜디오,37.51647913,127.0729996,송파구
633,서울특별시 송파구 올림픽로 424,SK올림픽핸드볼경기장,37.52034114,127.1155184,송파구
634,서울특별시 송파구 올림픽로 424,소마미술관,37.51701829,127.1260421,송파구
635,서울특별시 송파구 올림픽로 424,우리금융아트홀,37.52034114,127.1155184,송파구
636,서울특별시 양천구 목동서로 143,서울시립 목동청소년수련관,37.53071876,126.8755007,양천구
637,서울특별시 양천구 목동서로 201 KT정보전산센터 1층,kt 챔버홀,37.52945987,126.8711177,양천구
638,서울특별시 영등포구 도림로 428-1,재미공작소,37.51422096,126.8954763,영등포구
639,서울특별시 영등포구 도림로 475,라이브홀 문래재즈IN,37.51613753,126.890655,영등포구
640,서울특별시 영등포구 도림로126길 1,요꼬스튜디오,37.51397678,126.8964992,영등포구
641,서울특별시 용산구 대사관로 35,가나아트 한남,37.53375046,127.0021497,용산구
642,서울특별시 용산구 대사관로5길 1,한남동 자치회관,37.53456498,127.0004933,용산구
643,서울특별시 용산구 독서당로 111,용산 더줌아트센터,37.53612169,127.0073091,용산구
644,서울특별시 용산구 독서당로 85,구슬모아당구장,37.53465828,127.0098071,용산구
645,서울특별시 용산구 독서당로 98,인도문화원,37.53507619,127.0115043,용산구
646,서울특별시 용산구 독서당로11길 16,시립용산노인종합복지관,37.53133562,127.0064624,용산구
647,서울특별시 용산구 독서당로11길 16,용산시립노인종합복지관,37.53133922,127.0064986,용산구
648,서울특별시 용산구 독서당로29길 5-6,디뮤지엄,37.53695027,127.0115182,용산구
649,서울특별시 용산구 두텁바위로 160,용산도서관,37.55200667,126.9801413,용산구
650,서울특별시 용산구 두텁바위로 25,용산구 남영동 자치회관,37.54577435,126.9748244,용산구
651,서울특별시 용산구 두텁바위로 25,용산구 갈월종합사회복지관,37.54577435,126.9748244,용산구
652,서울특별시 용산구 백범로 329,롯데콘서트홀,37.51310107,127.1034317,송파구
653,서울특별시 용산구 백범로 329,용산꿈나무종합타운,37.5386613,126.965508,용산구
654,서울특별시 용산구 백범로 329,용산 꿈나무 종합타운,37.53890263,126.9650145,용산구
655,서울특별시 용산구 백범로 350,용산구 원효로1동 자치회관,37.53724193,126.9676267,용산구
656,서울특별시 용산구 보광로 104-6,이태원1동 자치회관,37.532507,126.9950672,용산구
657,서울특별시 용산구 새창로12길 13,용산구 용문동 자치회관,37.53895425,126.9575829,용산구
658,서울특별시 용산구 서빙고로 279,서빙고동 자치회관,37.5204768,126.9946517,용산구
659,서울특별시 용산구 신흥로 90,용산구 용산2가동 자치회관,37.54607528,126.9855699,용산구
660,서울특별시 용산구 신흥로3가길 21-7,용산용암어린이도서관,37.54101876,126.9846929,용산구
661,서울특별시 용산구 유엔빌리지3길 54-14,갤러리 비선재,37.53576425,127.0142787,용산구
662,서울특별시 용산구 유엔빌리지길 24,필갤러리(Fill Gallery),37.53358429,127.0097798,용산구
663,서울특별시 용산구 유엔빌리지길 28,갤러리 조은,37.53338608,127.0096531,용산구
664,서울특별시 용산구 이촌로18길 20,이촌2동 자치회관,37.52628148,126.9546578,용산구
665,서울특별시 용산구 이촌로71길 24,용산 이촌1동주민센터,37.52135688,126.9732987,용산구
666,서울특별시 용산구 이태원로 224-19 한남동공영주차장 부대시설 3층,용산구 건강가정지원센터,37.53492539,127.0001946,용산구
667,서울특별시 용산구 이태원로 248,현대카드 스토리지,37.53681028,127.0008644,용산구
668,서울특별시 용산구 이태원로 256,스페이스 신선(SPACE SHINSEON),37.53736889,127.0012763,용산구
669,서울특별시 용산구 이태원로 256,스페이스 신선,37.53736889,127.0012763,용산구
670,서울특별시 용산구 이태원로 274,용산전통공예문화체험관,37.53902672,127.0020774,용산구
671,서울특별시 용산구 이태원로42길 56,갤러리BK,37.53695804,127.0012944,용산구
672,서울특별시 용산구 이태원로55길 60-16,삼성미술관 리움,37.53846091,126.999294,용산구
673,서울특별시 용산구 장문로 95,보광동 자치회관,37.526301,127.000181,용산구
674,서울특별시 용산구 청파동2가 53-12 사회교육관 405호,숙명여자대학교 평생교육원,37.54613943,126.9649342,용산구
675,서울특별시 용산구 청파로 373,국립극단 백성희장민호 극장 소극장 판,37.55314654,126.9682807,용산구
676,서울특별시 용산구 청파로 373,국립극단 소극장 판,37.55314654,126.9682807,용산구
677,서울특별시 용산구 청파로 373,국립극단 백성희장민호극장,37.55314654,126.9682807,용산구
678,서울특별시 용산구 청파로45길 5,한국즉흥극장,37.54415507,126.9701992,용산구
679,서울특별시 용산구 청파로47길 100,숙명여자대학교,37.54547273,126.9650748,용산구
680,서울특별시 용산구 청파로49길 34,청파어린이영어도서관,37.5454773,126.9684922,용산구
681,서울특별시 용산구 청파로49길 34,용산구자원봉사센터,37.5454737,126.9685013,용산구
682,서울특별시 용산구 청파로49길 6,용산구 청파동주민센터,37.54547766,126.9698727,용산구
683,서울특별시 용산구 청파로93길 27,용산구립청파도서관,37.55392482,126.9676059,용산구
684,서울특별시 용산구 한강대로 100,아모레퍼시픽미술관,37.52879082,126.9686757,용산구
685,서울특별시 용산구 한강대로 372,용산 동자아트홀,37.55167727,126.9729212,용산구
686,서울특별시 용산구 한강대로 372 센트레빌 아스테리움 서울KDB생명타워 지하2층,동자아트홀,37.55167727,126.9729212,용산구
687,서울특별시 용산구 한강대로23길 55,팝콘D스퀘어,37.5297736,126.9647427,용산구
688,서울특별시 용산구 한강대로23길 55,대원 컨텐츠 라이브,37.5297736,126.9647427,용산구
689,서울특별시 용산구 한강대로23길 55,용산아이파크백화전 문화센터,37.5297736,126.9647427,용산구
690,서울특별시 용산구 한강대로23길 55,팝콘D스퀘어,37.5297736,126.9647427,용산구
691,서울특별시 용산구 한강대로23길 55,용산아이파크문화센터,37.53010519,126.9647924,용산구
692,서울특별시 용산구 한강대로30길 21,용산구 한강로동 자치회관,37.52743913,126.9679658,용산구
693,서울특별시 용산구 한강대로44길 5,용산 아트스페이스 루,37.53115191,126.970494,용산구
694,서울특별시 용산구 한남대로 162,스튜디오 콘크리트,37.54245051,127.0025165,용산구
695,서울특별시 용산구 한남대로 98,용산 일신홀,37.53716695,127.005517,용산구
696,서울특별시 용산구 회나무로13길 58,이태원2동 자치회관,37.54190232,126.9901964,용산구
697,서울특별시 용산구 효창원로 146-12,용산 효창종합사회복지관,37.54118334,126.9629994,용산구
698,서울특별시 용산구 효창원로 157,용산 고래이야기 작은도서관,37.54194337,126.9616909,용산구
699,서울특별시 용산구 효창원로 160,용산구 효창사랑 작은도서관,37.54229693,126.9628313,용산구
700,서울특별시 용산구 효창원로 161,용산구 효창동 자치회관,37.54250925,126.96184,용산구
701,서울특별시 용산구 효창원로70길 35,예술의 기쁨,37.54201614,126.9638815,용산구
702,서울특별시 용산구 효창원로8길 3,용산구 원효로2동 자치회관,37.53435322,126.9515483,용산구
703,서울특별시 용산구 효창원로93길 49,용산구립장애인복지관,37.54730608,126.9615705,용산구
704,서울특별시 용산구 후암로 32-6,용산구 후암동 자치회관,37.54869785,126.9781505,용산구
705,서울특별시 용산구 후암로15길 19-22,용산 백합어린이도서관,37.54871921,126.9768015,용산구
706,서울특별시 은평구 가좌로7길 15,구립응암정보도서관,37.58596656,126.9196821,은평구
707,서울특별시 은평구 갈현로17길 10,구산동주민센터,37.61175701,126.9103535,은평구
708,서울특별시 은평구 녹번로 16,은평문화원,37.60369978,126.9279028,은평구
709,서울특별시 은평구 불광로 20,NC백화점 불광점,37.60973704,126.9289389,은평구
710,서울특별시 은평구 연서로13길 29-23,구산동도서관마을,37.60951019,126.9130879,은평구
711,서울특별시 은평구 연서로6길 7,은평구청소년문화의집 신나는애프터센터,37.6043735,126.9166272,은평구
712,서울특별시 은평구 은평로 111,이마트은평점,37.60035755,126.920192,은평구
713,서울특별시 은평구 은평터널로 27,수색동 주민센터(다목적실),37.58416548,126.897566,은평구
714,서울특별시 은평구 진관2로 111-51,구립은평뉴타운도서과,37.6372304,126.9331183,은평구
715,서울특별시 은평구 진관2로 57-23,금성당·샤머니즘박물관,37.63513547,126.92538,은평구
716,서울특별시 은평구 진관4로 48-25,상림마을작은도서관,37.64421599,126.9289424,은평구
717,서울특별시 은평구 통일로 830(파레제페 5층),은평 메가박스,37.61782041,126.9227287,은평구
718,서울특별시 종로구 계동길 37,북촌문화센터,37.57908788,126.9862745,종로구
719,서울특별시 종로구 대학로10길 12,문씨어터,37.58161503,127.0028077,종로구
720,서울특별시 종로구 대학로8길 7,아르코예술극장,37.58118615,127.0029979,종로구
721,서울특별시 종로구 북촌로 52,가회민화박물관,37.58150962,126.985228,종로구
722,서울특별시 종로구 삼봉로 43,삼봉서랑(도서관),37.57319787,126.9788134,종로구
723,서울특별시 종로구 삼일대로 428,허리우드 스카이쇼 (낙원상가),37.57276307,126.9879012,종로구
724,서울특별시 종로구 삼일대로30길 47,우리소리도서관,37.57448239,126.9902329,종로구
725,서울특별시 종로구 성균관로 91,아이들극장,37.5904592,126.9987998,종로구
726,서울특별시 종로구 옥인1길 34,종로구립 박노수미술관,37.58131848,126.9668197,종로구
727,서울특별시 종로구 인사동11길 8,KCDF갤러리,37.57401681,126.9841201,종로구
728,서울특별시 종로구 자하문로17길 12-11,상촌재,37.58185624,126.9696769,종로구
729,서울특별시 종로구 자하문로36길 40,청운문학도서관,37.5903786,126.9659189,종로구
730,서울특별시 종로구 종로58가길 19(숭인동),아름꿈도서관,37.57269758,127.0171158,종로구
731,서울특별시 종로구 지봉로 86,숭인제1동 자치회관,37.57782264,127.0156271,종로구
732,서울특별시 종로구 창신6가길 47,창신소통공작소,37.57620484,127.0123937,종로구
733,서울특별시 종로구 창의문로 119(청운동),종로문화재단 윤동주문학관,37.5920259,126.9669236,종로구
734,서울특별시 중구 남대문로 39,한국은행 화폐박물관,37.56201137,126.9803197,중구
735,서울특별시 중구 남대문로5길 15,히든엠 갤러리,37.56207597,126.9787396,중구
736,서울특별시 중구 다산로16길 29,갤러리 스클로,37.55625668,127.0134497,중구
737,서울특별시 중구 다산로32길 5 3층,중구여성플라자,37.56127687,127.0148314,중구
738,서울특별시 중구 동호로 268-8,PARADISE ZIP,37.55981451,127.004165,중구
739,서울특별시 중구 동호로 268-8,파라다이스 집,37.55949376,127.00383,중구
740,서울특별시 중구 동호로11자길 33,원앤제이 +1,37.55069638,127.0048209,중구
741,서울특별시 중구 동호로27길 30,서진아트스페이스,37.56070474,127.0021504,중구
742,서울특별시 중구 동호로5길 19,중구청소년수련관,37.5518563,127.0125662,중구
743,서울특별시 중구 마른내로 18,갤러리 나미브,37.56463266,126.9897226,중구
744,서울특별시 중구 만리동1가 1,서울로 7017,37.55490866,126.9674335,중구
745,서울특별시 중구 명동길 35,명동예술극장,37.56397613,126.9842173,중구
746,서울특별시 중구 삼일대로4길 16,반도카메라 갤러리,37.56186483,126.9900942,중구
747,서울특별시 중구 삼일대로9길 12,삼일로창고극장,37.56342876,126.9879118,중구
748,서울특별시 중구 서소문로 117,일우스페이스,37.56357791,126.9741258,중구
749,서울특별시 중구 서소문로 38 센트럴타워 405호,한국문화예술위원회 협력개발부,37.5604044,126.9662178,중구
750,서울특별시 중구 서소문로11길 19,배재학당역사박물관,37.56378648,126.9720883,중구
751,서울특별시 중구 서소문로9길 28 덕수궁롯데캐슬 201동 컬처센터,순화동천,37.56370669,126.970042,중구
752,서울특별시 중구 세종대로 135-5,신한갤러리 광화문,37.56859514,126.9764332,중구
753,서울특별시 중구 세종대로 99 덕수궁,덕수궁 정관헌,37.56616914,126.9739845,중구
754,서울특별시 중구 소공로 46,금산갤러리,37.55941334,126.9832223,중구
755,서울특별시 중구 소파로 126,서울애니메이션센터,37.55831474,126.9882884,중구
756,서울특별시 중구 손기정로 101,손기정기념관,37.55686883,126.9660066,중구
757,서울특별시 중구 을지로 281,DDP(동대문 디자인 플라자),37.56681313,127.0096257,중구
758,서울특별시 중구 을지로 281,동대문 디자인 플라자,37.56681313,127.0096257,중구
759,서울특별시 중구 청계천로 40,CKL 스테이지,37.56852759,126.9816265,중구
760,서울특별시 중구 퇴계로 145,세종갤러리,37.56144297,126.9879483,중구
761,서울특별시 중구 퇴계로 163,갤러리 브레송,37.56142874,126.9899539,중구
762,서울특별시 중구 퇴계로 199,충무로영상센터 오!재미동,37.56117313,126.99411,중구
763,서울특별시 중구 퇴계로 387,충무아트센터,37.56592961,127.0148595,중구
764,서울특별시 중구 퇴계로18길 9,비디 갤러리,37.56040836,126.9856487,중구
765,서울특별시 중구 퇴계로26길 65,문학의집서울,37.55808417,126.9892391,중구
766,서울특별시 중구 필동로8길 22,세컨드에비뉴 갤러리,37.55513289,126.9949117,중구
767,서울특별시 중랑구 망우로 353,중랑아트센터,37.59833435,127.0916234,중랑구
768,서울특별시 중랑구 망우로73길 46,중랑숲어린이도서관,37.60248718,127.1034195,중랑구
769,아차산로 200,광진구 커먼 그라운드,37.54137261,127.0658319,광진구
770,역삼로7길 16 3층,강남씨어터,37.49520988,127.033201,강남구
771,일원로121 일원역338-3호(23번출입구 방향),밝은미소센터,37.4837501,127.0851154,강남구
772,자양로 117,광진구청,37.53824476,127.0823939,광진구
